<keymap version="1" name="Emacs 复制" parent="Emacs">
  <action id="$Copy">
    <keyboard-shortcut first-keystroke="ctrl insert" />
    <keyboard-shortcut first-keystroke="alt c" />
    <keyboard-shortcut first-keystroke="ctrl c" />
  </action>
  <action id="$Paste">
    <keyboard-shortcut first-keystroke="shift insert" />
    <keyboard-shortcut first-keystroke="ctrl y" />
    <keyboard-shortcut first-keystroke="ctrl v" />
  </action>
  <action id="ActivateTerminalToolWindow">
    <keyboard-shortcut first-keystroke="alt f12" />
    <keyboard-shortcut first-keystroke="ctrl back_quote" />
  </action>
  <action id="Arrangement.Alias.Rule.Edit" />
  <action id="Arrangement.Rule.Edit" />
  <action id="ChangesView.Rename">
    <keyboard-shortcut first-keystroke="shift f6" />
  </action>
  <action id="EditorDeleteToWordStart">
    <keyboard-shortcut first-keystroke="ctrl back_space" />
    <keyboard-shortcut first-keystroke="alt back_space" />
  </action>
  <action id="EditorEscape">
    <keyboard-shortcut first-keystroke="ctrl g" />
    <keyboard-shortcut first-keystroke="escape" />
  </action>
  <action id="EditorNextWord">
    <keyboard-shortcut first-keystroke="ctrl right" />
    <keyboard-shortcut first-keystroke="alt f" />
  </action>
  <action id="EditorPageDown">
    <keyboard-shortcut first-keystroke="page_down" />
    <keyboard-shortcut first-keystroke="alt j" />
  </action>
  <action id="EditorPageUp">
    <keyboard-shortcut first-keystroke="page_up" />
    <keyboard-shortcut first-keystroke="alt k" />
  </action>
  <action id="EditorPreviousWord">
    <keyboard-shortcut first-keystroke="ctrl left" />
    <keyboard-shortcut first-keystroke="alt b" />
  </action>
  <action id="EditorTextStart">
    <keyboard-shortcut first-keystroke="ctrl home" />
    <keyboard-shortcut first-keystroke="shift alt comma" />
  </action>
  <action id="Find">
    <keyboard-shortcut first-keystroke="alt f3" />
    <keyboard-shortcut first-keystroke="ctrl s" />
  </action>
  <action id="FindInPath">
    <keyboard-shortcut first-keystroke="shift ctrl f" />
    <keyboard-shortcut first-keystroke="ctrl alt s" />
  </action>
  <action id="Git.Reword.Commit">
    <keyboard-shortcut first-keystroke="shift f6" />
  </action>
  <action id="GotoAction">
    <keyboard-shortcut first-keystroke="alt x" />
  </action>
  <action id="GotoDeclaration">
    <keyboard-shortcut first-keystroke="ctrl alt g" />
    <keyboard-shortcut first-keystroke="alt period" />
    <mouse-shortcut keystroke="control button1" />
  </action>
  <action id="GotoNextError">
    <keyboard-shortcut first-keystroke="ctrl x" second-keystroke="back_quote" />
  </action>
  <action id="List-selectFirstRow">
    <keyboard-shortcut first-keystroke="ctrl home" />
    <keyboard-shortcut first-keystroke="shift alt comma" />
  </action>
  <action id="NavBar-selectHome">
    <keyboard-shortcut first-keystroke="ctrl home" />
    <keyboard-shortcut first-keystroke="shift alt comma" />
  </action>
  <action id="NextTab">
    <keyboard-shortcut first-keystroke="alt right" />
    <keyboard-shortcut first-keystroke="ctrl x" second-keystroke="n" />
    <keyboard-shortcut first-keystroke="alt p" />
  </action>
  <action id="OpenFile">
    <keyboard-shortcut first-keystroke="shift ctrl n" />
  </action>
  <action id="PreviousTab">
    <keyboard-shortcut first-keystroke="alt left" />
    <keyboard-shortcut first-keystroke="ctrl x" second-keystroke="p" />
    <keyboard-shortcut first-keystroke="alt n" />
  </action>
  <action id="QuickChangeScheme" />
  <action id="QuickDocCopy">
    <keyboard-shortcut first-keystroke="ctrl insert" />
    <keyboard-shortcut first-keystroke="alt c" />
  </action>
  <action id="ReformatCode">
    <keyboard-shortcut first-keystroke="ctrl alt r" />
  </action>
  <action id="ReloadFromDisk">
    <keyboard-shortcut first-keystroke="alt u" />
  </action>
  <action id="RenameElement">
    <keyboard-shortcut first-keystroke="f2" />
  </action>
  <action id="SelectNextOccurrence" />
  <action id="ShelvedChanges.Rename">
    <keyboard-shortcut first-keystroke="shift f6" />
  </action>
  <action id="ShowSettings" />
  <action id="Terminal.SwitchFocusToEditor" />
  <action id="Vcs.Log.GoToRef">
    <keyboard-shortcut first-keystroke="alt f3" />
    <keyboard-shortcut first-keystroke="ctrl s" />
  </action>
  <action id="XDebugger.EditWatch" />
  <action id="XDebugger.SetValue" />
  <action id="编辑 Copy">
    <keyboard-shortcut first-keystroke="ctrl c" />
  </action>
  <action id="编辑 Paste">
    <keyboard-shortcut first-keystroke="ctrl v" />
  </action>
</keymap>