<application>
  <component name="NotificationConfiguration">
    <notification groupId="Branch Context group" displayType="NONE" />
    <notification groupId="Docker: Dockerfile detection" displayType="NONE" shouldLog="false" />
    <notification groupId="Gitflow Notifications" displayType="NONE" shouldLog="false" />
    <notification groupId="GitToolBox Behind Tracker" displayType="NONE" shouldLog="false" />
    <notification groupId="GitToolBox Fetch" displayType="NONE" shouldLog="false" />
    <notification groupId="Vcs Messages" displayType="TOOL_WINDOW" shouldLog="false" />
    <notification groupId="Vcs Notifications" displayType="NONE" shouldLog="false" />
    <notification groupId="Vcs Silent Notifications" displayType="NONE" shouldLog="false" />
  </component>
</application>