<application>
  <component name="VimSettings">
    <state version="4" enabled="true" />
    <globalmarks />
    <filemarks>
      <file name="D:/code/hnrr/pc-admin/components/main/user/user.vue" timestamp="1562929647135">
        <mark key="[" line="20" column="0" />
        <mark key="]" line="20" column="0" />
        <mark key="." line="20" column="0" />
      </file>
      <file name="D:/code/hnrr/h5/src/pages/Info.vue" timestamp="1563766268423">
        <mark key="[" line="24" column="21" />
        <mark key="]" line="24" column="24" />
        <mark key="." line="24" column="24" />
        <mark key="^" line="24" column="24" />
      </file>
      <file name="D:/code/hnrr/pc-admin/nuxt.config.js" timestamp="1563439040673">
        <mark key="'" line="27" column="0" />
        <mark key="[" line="35" column="0" />
        <mark key="]" line="35" column="0" />
        <mark key="." line="35" column="0" />
      </file>
      <file name="/a.dummy" timestamp="1563268061727">
        <mark key="[" line="0" column="0" />
      </file>
      <file name="D:/code/hnrr/pc-admin/plugins/vuex-persist.js" timestamp="1563436096961">
        <mark key="[" line="5" column="32" />
        <mark key="]" line="5" column="35" />
        <mark key="^" line="5" column="35" />
        <mark key="." line="5" column="35" />
      </file>
      <file name="D:/code/hnrr/h5/src/pages/Home.vue" timestamp="1563782229421">
        <mark key="[" line="10" column="0" />
        <mark key="]" line="11" column="10" />
        <mark key="." line="11" column="10" />
        <mark key="^" line="11" column="10" />
      </file>
      <file name="D:/code/hnrr/pc-admin/store/index.js" timestamp="1563440160316">
        <mark key="'" line="9" column="0" />
        <mark key="[" line="14" column="0" />
        <mark key="]" line="14" column="53" />
        <mark key="." line="17" column="0" />
      </file>
      <file name="D:/code/hnrr/h5/tslint.json" timestamp="1563846037759">
        <mark key="'" line="1" column="0" />
      </file>
      <file name="D:/code/hnrr/h5/src/assets/css/style.less" timestamp="1563872571688">
        <mark key="[" line="1" column="17" />
        <mark key="]" line="1" column="17" />
        <mark key="^" line="1" column="18" />
        <mark key="." line="1" column="17" />
      </file>
      <file name="D:/code/hnrr/h5/src/components/default.vue" timestamp="1563778188937">
        <mark key="[" line="16" column="21" />
        <mark key="]" line="16" column="24" />
        <mark key="^" line="16" column="24" />
        <mark key="." line="16" column="24" />
      </file>
      <file name="D:/code/hnrr/h5/src/App.vue" timestamp="1563933499231" />
      <file name="D:/code/hnrr/h5/src/views/Deal.vue" timestamp="1563965580948">
        <mark key="[" line="47" column="15" />
        <mark key="]" line="48" column="5" />
        <mark key="." line="48" column="5" />
        <mark key="^" line="48" column="5" />
      </file>
      <file name="D:/code/hnrr/pc-admin/components/main/tags-nav/tags-nav.vue" timestamp="1563437077512">
        <mark key="[" line="89" column="31" />
        <mark key="]" line="89" column="34" />
        <mark key="." line="89" column="34" />
        <mark key="^" line="89" column="34" />
      </file>
      <file name="D:/code/hnrr/h5/src/router/import-production.js" timestamp="1563762566260">
        <mark key="[" line="0" column="41" />
        <mark key="]" line="0" column="44" />
        <mark key="." line="0" column="44" />
        <mark key="^" line="0" column="44" />
      </file>
      <file name="D:/code/hnrr/pc-admin/store/companyId.js" timestamp="1563440365529">
        <mark key="[" line="25" column="0" />
        <mark key="]" line="25" column="0" />
        <mark key="." line="25" column="0" />
      </file>
      <file name="D:/code/hnrr/h5/src/views/Home.vue" timestamp="1563885132457">
        <mark key="[" line="11" column="0" />
        <mark key="]" line="11" column="0" />
        <mark key="." line="11" column="0" />
      </file>
      <file name="/Dummy.txt" timestamp="1563846969229">
        <mark key="[" line="0" column="0" />
      </file>
      <file name="D:/code/hnrr/pc-admin/libs/tools.js" timestamp="1562930539613">
        <mark key="[" line="51" column="3" />
        <mark key="]" line="52" column="0" />
        <mark key="." line="52" column="0" />
        <mark key="^" line="52" column="0" />
      </file>
      <file name="D:/code/hnrr/h5/src/router/index.js" timestamp="1563846946225">
        <mark key="[" line="9" column="0" />
        <mark key="]" line="9" column="0" />
        <mark key="." line="9" column="0" />
        <mark key="^" line="7" column="28" />
      </file>
      <file name="D:/code/hnrr/pc-admin/components/main/fullscreen/fullscreen.vue" timestamp="1562931425277">
        <mark key="[" line="14" column="59" />
        <mark key="]" line="16" column="19" />
        <mark key="^" line="16" column="19" />
        <mark key="." line="16" column="19" />
      </file>
      <file name="D:/code/hnrr/pc-admin/config/index.js" timestamp="1563439067392">
        <mark key="[" line="2" column="28" />
        <mark key="]" line="2" column="28" />
        <mark key="." line="2" column="28" />
      </file>
      <file name="D:/code/hnrr/pc-admin/store/login.js" timestamp="1563411925212">
        <mark key="[" line="58" column="0" />
        <mark key="]" line="58" column="0" />
        <mark key="." line="58" column="0" />
      </file>
      <file name="D:/code/hnrr/pc-admin/components/main/tags-nav/tags-nav.less" timestamp="1562929279684">
        <mark key="[" line="0" column="9" />
        <mark key="]" line="0" column="9" />
        <mark key="." line="0" column="9" />
      </file>
      <file name="D:/code/hnrr/pc-admin/middleware/auth.js" timestamp="1563437405514">
        <mark key="[" line="1" column="20" />
        <mark key="]" line="1" column="30" />
        <mark key="." line="1" column="30" />
        <mark key="^" line="1" column="30" />
      </file>
      <file name="D:/code/hnrr/pc-admin/layouts/login.vue" timestamp="1562726301971">
        <mark key="[" line="74" column="28" />
        <mark key="]" line="74" column="28" />
        <mark key="." line="74" column="28" />
        <mark key="^" line="74" column="28" />
      </file>
      <file name="D:/code/hnrr/pc-admin/pages/csr/csrinfo/temp.vue" timestamp="1563418494621">
        <mark key="[" line="308" column="0" />
        <mark key="]" line="308" column="0" />
        <mark key="." line="308" column="0" />
      </file>
      <file name="D:/code/hnrr/h5/src/pages/Deal.vue" timestamp="1563781081468">
        <mark key="[" line="10" column="0" />
        <mark key="]" line="11" column="10" />
        <mark key="." line="11" column="10" />
        <mark key="^" line="11" column="10" />
      </file>
      <file name="D:/code/hnrr/h5/src/router/routes.js" timestamp="1563846892629">
        <mark key="[" line="19" column="24" />
        <mark key="]" line="19" column="27" />
        <mark key="." line="19" column="27" />
        <mark key="^" line="19" column="27" />
      </file>
      <file name="D:/code/hnrr/pc-admin/config/api.js" timestamp="1563270958124">
        <mark key="[" line="0" column="27" />
        <mark key="]" line="0" column="27" />
        <mark key="^" line="0" column="54" />
        <mark key="." line="0" column="27" />
      </file>
      <file name="D:/code/hnrr/h5/src/router/import-development.js" timestamp="1563846838011">
        <mark key="[" line="0" column="60" />
        <mark key="]" line="0" column="67" />
        <mark key="." line="0" column="67" />
        <mark key="^" line="0" column="67" />
      </file>
      <file name="/__dummy.es6" timestamp="1563436324080">
        <mark key="[" line="0" column="0" />
      </file>
      <file name="D:/code/hnrr/pc-admin/pages/login.vue" timestamp="1562726582274">
        <mark key="[" line="31" column="18" />
        <mark key="]" line="31" column="18" />
        <mark key="." line="31" column="18" />
      </file>
      <file name="D:/code/hnrr/h5/src/components/Main.vue" timestamp="1563885201177">
        <mark key="[" line="9" column="28" />
        <mark key="]" line="9" column="31" />
        <mark key="." line="9" column="31" />
        <mark key="^" line="9" column="31" />
      </file>
      <file name="D:/code/hnrr/pc-admin/pages/index.vue" timestamp="1562980869043">
        <mark key="[" line="54" column="0" />
        <mark key="]" line="54" column="1" />
        <mark key="." line="54" column="0" />
      </file>
    </filemarks>
    <jumps>
      <jump line="26" column="21" filename="D:/code/hnrr/pc-admin/package.json" />
      <jump line="12" column="0" filename="D:/code/hnrr/pc-admin/package.json" />
      <jump line="32" column="31" filename="D:/code/hnrr/pc-admin/package.json" />
      <jump line="11" column="0" filename="D:/code/hnrr/pc-admin/src/main.ts" />
      <jump line="25" column="10" filename="D:/code/hnrr/pc-admin/old/src/views/login/login.less" />
      <jump line="2" column="4" filename="D:/code/hnrr/pc-admin/old/src/views/login/login.less" />
      <jump line="0" column="0" filename="D:/code/hnrr/pc-admin/old/src/views/login/login.less" />
      <jump line="16" column="23" filename="D:/code/hnrr/pc-admin/pages/login/index.vue" />
      <jump line="25" column="9" filename="D:/code/hnrr/pc-admin/pages/login/index.vue" />
      <jump line="16" column="1" filename="D:/code/hnrr/pc-admin/store/login.js" />
      <jump line="45" column="32" filename="D:/code/hnrr/pc-admin/store/login.js" />
      <jump line="77" column="22" filename="D:/code/hnrr/pc-admin/pages/login/login-form/login-form.vue" />
      <jump line="31" column="22" filename="D:/code/hnrr/pc-admin/store/login.js" />
      <jump line="38" column="0" filename="D:/code/hnrr/pc-admin/components/main/side-menu/side-menu.less" />
      <jump line="143" column="0" filename="D:/code/hnrr/pc-admin/libs/util.js" />
      <jump line="0" column="0" filename="D:/code/hnrr/pc-admin/libs/util.js" />
      <jump line="291" column="2" filename="D:/code/hnrr/pc-admin/test/old/src/libs/util.js" />
      <jump line="4" column="9" filename="D:/code/hnrr/pc-admin/test/old/src/libs/util.js" />
      <jump line="276" column="0" filename="D:/code/hnrr/pc-admin/test/old/src/libs/util.js" />
      <jump line="3" column="0" filename="D:/code/hnrr/pc-admin/store/index.js" />
      <jump line="33" column="4" filename="D:/code/hnrr/pc-admin/components/main/a-back-top/index.vue" />
      <jump line="76" column="38" filename="D:/code/hnrr/pc-admin/components/main/a-back-top/index.vue" />
      <jump line="74" column="32" filename="D:/code/hnrr/pc-admin/components/main/a-back-top/index.vue" />
      <jump line="35" column="18" filename="D:/code/hnrr/pc-admin/components/main/a-back-top/index.vue" />
      <jump line="44" column="7" filename="D:/code/hnrr/pc-admin/components/main/a-back-top/index.vue" />
      <jump line="45" column="7" filename="D:/code/hnrr/pc-admin/components/main/a-back-top/index.vue" />
      <jump line="50" column="7" filename="D:/code/hnrr/pc-admin/components/main/a-back-top/index.vue" />
      <jump line="51" column="7" filename="D:/code/hnrr/pc-admin/components/main/a-back-top/index.vue" />
      <jump line="75" column="18" filename="D:/code/hnrr/pc-admin/components/main/a-back-top/index.vue" />
      <jump line="77" column="32" filename="D:/code/hnrr/pc-admin/components/main/a-back-top/index.vue" />
      <jump line="78" column="10" filename="D:/code/hnrr/pc-admin/components/main/a-back-top/index.vue" />
      <jump line="85" column="5" filename="D:/code/hnrr/pc-admin/components/main/a-back-top/index.vue" />
      <jump line="91" column="2" filename="D:/code/hnrr/pc-admin/store/app.js" />
      <jump line="136" column="32" filename="D:/code/hnrr/pc-admin/layouts/main.vue" />
      <jump line="51" column="7" filename="D:/code/hnrr/pc-admin/layouts/main.vue" />
      <jump line="22" column="11" filename="D:/code/hnrr/pc-admin/pages/index.vue" />
      <jump line="41" column="19" filename="D:/code/hnrr/pc-admin/layouts/main.vue" />
      <jump line="0" column="10" filename="D:/code/hnrr/pc-admin/store/app.js" />
      <jump line="8" column="0" filename="D:/code/hnrr/pc-admin/test/old/src/store/modules/app/index.ts" />
      <jump line="23" column="16" filename="D:/code/hnrr/pc-admin/pages/index.vue" />
      <jump line="314" column="0" filename="D:/code/hnrr/pc-admin/layouts/main.vue" />
      <jump line="99" column="0" filename="D:/code/hnrr/pc-admin/layouts/main.vue" />
      <jump line="1" column="3" filename="D:/code/hnrr/pc-admin/layouts/main.vue" />
      <jump line="56" column="31" filename="D:/code/hnrr/pc-admin/layouts/main.vue" />
      <jump line="13" column="55" filename="D:/code/hnrr/pc-admin/README.md" />
      <jump line="32" column="0" filename="D:/code/hnrr/pc-admin/README.md" />
      <jump line="97" column="18" filename="D:/code/hnrr/pc-admin/layouts/main.vue" />
      <jump line="150" column="34" filename="D:/code/hnrr/pc-admin/layouts/main.vue" />
      <jump line="17" column="13" filename="D:/code/hnrr/pc-admin/layouts/main.vue" />
      <jump line="17" column="15" filename="D:/code/hnrr/pc-admin/README.md" />
      <jump line="34" column="0" filename="D:/code/hnrr/pc-admin/pages/login/index.vue" />
      <jump line="9" column="0" filename="D:/code/hnrr/pc-admin/store/index.js" />
      <jump line="60" column="10" filename="D:/code/hnrr/pc-admin/pages/login/index.vue" />
      <jump line="45" column="8" filename="D:/code/hnrr/pc-admin/pages/login/index.vue" />
      <jump line="47" column="6" filename="D:/code/hnrr/pc-admin/pages/login/index.vue" />
      <jump line="41" column="0" filename="D:/code/hnrr/pc-admin/store/login.js" />
      <jump line="80" column="20" filename="D:/code/hnrr/pc-admin/layouts/main.vue" />
      <jump line="72" column="2" filename="D:/code/hnrr/pc-admin/nuxt.config.js" />
      <jump line="36" column="20" filename="D:/code/hnrr/pc-admin/nuxt.config.js" />
      <jump line="37" column="37" filename="D:/code/hnrr/pc-admin/store/user.js" />
      <jump line="115" column="3" filename="D:/code/hnrr/pc-admin/layouts/main.vue" />
      <jump line="117" column="9" filename="D:/code/hnrr/pc-admin/layouts/main.vue" />
      <jump line="286" column="16" filename="D:/code/hnrr/pc-admin/layouts/main.vue" />
      <jump line="219" column="11" filename="D:/code/hnrr/pc-admin/layouts/main.vue" />
      <jump line="226" column="36" filename="D:/code/hnrr/pc-admin/layouts/main.vue" />
      <jump line="227" column="49" filename="D:/code/hnrr/pc-admin/layouts/main.vue" />
      <jump line="298" column="47" filename="D:/code/hnrr/pc-admin/layouts/main.vue" />
      <jump line="4" column="9" filename="D:/code/hnrr/pc-admin/layouts/main.vue" />
      <jump line="6" column="25" filename="D:/code/hnrr/pc-admin/layouts/main.vue" />
      <jump line="7" column="28" filename="D:/code/hnrr/pc-admin/layouts/main.vue" />
      <jump line="10" column="80" filename="D:/code/hnrr/pc-admin/layouts/main.vue" />
      <jump line="12" column="27" filename="D:/code/hnrr/pc-admin/layouts/main.vue" />
      <jump line="96" column="28" filename="D:/code/hnrr/pc-admin/layouts/main.vue" />
      <jump line="129" column="27" filename="D:/code/hnrr/pc-admin/layouts/main.vue" />
      <jump line="139" column="13" filename="D:/code/hnrr/pc-admin/layouts/main.vue" />
      <jump line="35" column="13" filename="D:/code/hnrr/pc-admin/nuxt.config.js" />
      <jump line="27" column="0" filename="D:/code/hnrr/pc-admin/nuxt.config.js" />
      <jump line="19" column="15" filename="D:/code/hnrr/h5/src/router/index.js" />
      <jump line="1" column="0" filename="D:/code/hnrr/h5/tslint.json" />
    </jumps>
    <registers>
      <register name="&quot;" type="2">
        <text encoding="base64">ICAgIDx2YW4tcGFuZWw+Cg==</text>
      </register>
      <register name="-" type="4">
        <text>e</text>
      </register>
      <register name="/" type="4">
        <text>app</text>
      </register>
      <register name="0" type="2">
        <text encoding="base64">ICAgIDx2YW4tcGFuZWw+Cg==</text>
      </register>
      <register name="1" type="2">
        <text encoding="base64">Cg==</text>
      </register>
      <register name="2" type="2">
        <text encoding="base64">ICAgIGoK</text>
      </register>
      <register name="3" type="2">
        <text encoding="base64">Cg==</text>
      </register>
      <register name="4" type="2">
        <text encoding="base64">ICAgINXi0fnTprjDz9TKvrChCg==</text>
      </register>
      <register name="5" type="2">
        <text encoding="base64">ICAgICAgICAgICAgdGV4dD0izsTX1iIK</text>
      </register>
      <register name="6" type="2">
        <text encoding="base64">ICAgICAgICAgICAgaWNvbj0icGhvdG8tbyIK</text>
      </register>
      <register name="7" type="2">
        <text encoding="base64">ICAgICAgPGRpdiBjbGFzcz0iIj4KCiAgICAgIDwvZGl2Pgo=</text>
      </register>
      <register name="8" type="2">
        <text encoding="base64">ICAgICAgICC1xMnosbijrMnMzvHUvLaoyOfPwqO6Cg==</text>
      </register>
      <register name="9" type="2">
        <text encoding="base64">ICAgICAgICDE49LUyNrXytfiwd61xLe9yr25usLytcTQzbrFzqqjulNZMjE1Cg==</text>
      </register>
      <register name=":" type="4">
        <text>nohl</text>
      </register>
    </registers>
    <search>
      <last-search>app</last-search>
      <last-offset />
      <last-pattern>app</last-pattern>
      <last-dir>1</last-dir>
      <show-last>false</show-last>
    </search>
    <history>
      <history-search>
        <entry encoding="base64">XDxoYW5kbGVTdWJtaXRcPg==</entry>
        <entry encoding="base64">XDxkZWxldGVBbGxDb29raWVzXD4=</entry>
        <entry encoding="base64">XDxjb250YWluZXJcPg==</entry>
        <entry encoding="base64">XDx3aW5kb3dcPg==</entry>
        <entry encoding="base64">XDxDb250ZW50XD4=</entry>
        <entry encoding="base64">XDxMYXlvdXRcPg==</entry>
        <entry encoding="base64">XDxsb2dpblR5cGVcPg==</entry>
        <entry encoding="base64">XDxnZXRNZW51TGlzdFw+</entry>
        <entry>user</entry>
        <entry>app.user</entry>
        <entry>app</entry>
      </history-search>
      <history-cmd>
        <entry>action KJumpAction.Line</entry>
        <entry>w</entry>
        <entry>nohl</entry>
      </history-cmd>
      <history-expr />
      <history-input />
    </history>
    <shortcut-conflicts>
      <shortcut-conflict owner="ide">
        <text>ctrl pressed V</text>
      </shortcut-conflict>
      <shortcut-conflict owner="ide">
        <text>ctrl pressed N</text>
      </shortcut-conflict>
      <shortcut-conflict owner="ide">
        <text>ctrl pressed P</text>
      </shortcut-conflict>
      <shortcut-conflict owner="ide">
        <text>ctrl pressed F</text>
      </shortcut-conflict>
      <shortcut-conflict owner="ide">
        <text>ctrl pressed B</text>
      </shortcut-conflict>
      <shortcut-conflict owner="ide">
        <text>ctrl pressed A</text>
      </shortcut-conflict>
      <shortcut-conflict owner="ide">
        <text>ctrl pressed E</text>
      </shortcut-conflict>
      <shortcut-conflict owner="vim">
        <text>ctrl pressed H</text>
      </shortcut-conflict>
      <shortcut-conflict owner="ide">
        <text>ctrl pressed L</text>
      </shortcut-conflict>
      <shortcut-conflict owner="ide">
        <text>ctrl pressed C</text>
      </shortcut-conflict>
      <shortcut-conflict owner="ide">
        <text>ctrl pressed W</text>
      </shortcut-conflict>
      <shortcut-conflict owner="vim">
        <text>ctrl pressed S</text>
      </shortcut-conflict>
      <shortcut-conflict owner="vim">
        <text>ctrl pressed Y</text>
      </shortcut-conflict>
    </shortcut-conflicts>
  </component>
</application>